,,,,player_name,,place,round,,,course_par,score,putting_sg,chipping_sg,approach_sg,driving_sg,tee-green_sg,overall_sg,driving_dist,driving_acc,gir,scrambling,rough_prox,fairway_prox
,,,,"Matsuyama, Hideki",,1,1,,,72,69,2.315,1.793,0.985,0.43,3.207,5.523,283.8,0.714,0.722,1,15.287,37.167
,,,,"Matsuyama, Hideki",,1,2,,,72,71,-1.732,1.479,0.291,1.292,3.062,1.33,301.9,0.786,0.778,0.429,38.792,38.045
,,,,"Matsuyama, Hideki",,1,3,,,72,65,1.796,1.318,5.635,-1.322,5.63,7.426,298.5,0.357,0.667,0.714,50.73,23.192
,,,,"Matsuyama, Hideki",,1,4,,,72,73,-1.473,1.014,-0.911,1,1.103,-0.37,304.3,0.714,0.667,0.636,62.456,36.56
,,,,"Zalatoris, Will",,2,1,,,72,70,1.538,-0.108,1.994,1.099,2.985,4.523,302,0.643,0.833,0.571,35.775,48.384
,,,,"Zalatoris, Will",,2,2,,,72,68,3.375,0.022,-0.676,1.608,0.954,4.33,301.1,0.857,0.611,0.6,27.118,33.77
,,,,"Zalatoris, Will",,2,3,,,72,71,0.294,-0.437,1.097,0.472,1.132,1.426,307.2,0.714,0.778,0.4,38.836,35.045
,,,,"Zalatoris, Will",,2,4,,,72,70,-0.343,0.793,1.456,0.724,2.972,2.63,310.2,0.571,0.778,0.625,65.646,39.303
,,,,"Spieth, Jordan",,T3,1,,,72,71,-1.174,2.859,1.184,0.653,4.697,3.523,303.2,0.786,0.944,0.6,80.089,33.765
,,,,"Spieth, Jordan",,T3,2,,,72,68,0.372,2.454,0.75,0.753,3.958,4.33,299.8,0.786,0.833,0.75,61.193,31.422
,,,,"Spieth, Jordan",,T3,3,,,72,72,-2.487,1.088,0.253,1.572,2.913,0.426,307.1,0.786,0.778,0.375,51.135,38.744
,,,,"Spieth, Jordan",,T3,4,,,72,70,-0.214,0.396,2.289,0.159,2.844,2.63,302.9,0.643,0.667,0.375,52.722,36.453
,,,,"Schauffele, Xander",,T3,1,,,72,72,-0.156,0.599,1.619,0.461,2.679,2.523,303.2,0.714,0.833,0.333,49.942,32.997
,,,,"Schauffele, Xander",,T3,2,,,72,69,-0.919,1.29,1.686,1.272,4.248,3.33,314,0.857,0.833,0.75,,29.377
,,,,"Schauffele, Xander",,T3,3,,,72,68,0.819,2.523,1.186,-0.102,3.607,4.426,309.8,0.571,0.611,0.875,62.903,29.954
,,,,"Schauffele, Xander",,T3,4,,,72,72,-0.813,1.636,-1.888,1.695,1.442,0.63,324.7,0.786,0.611,0.583,65.039,34.944
,,,,"Leishman, Marc",,T5,1,,,72,72,0.496,2.468,0.516,-0.958,2.027,2.523,287.4,0.429,0.611,0.375,73.278,36.073
,,,,"Leishman, Marc",,T5,2,,,72,67,0.982,0.406,3.214,0.727,4.347,5.33,300,0.714,0.833,0.857,37.328,24.221
,,,,"Leishman, Marc",,T5,3,,,72,70,0.505,0.165,1.677,0.078,1.921,2.426,306.9,0.5,0.778,0.714,41.347,38.201
,,,,"Leishman, Marc",,T5,4,,,72,73,-0.242,1.075,0.456,-1.66,-0.128,-0.37,287.9,0.429,0.5,0.625,37.584,31.817
,,,,"Rahm, Jon",,T5,1,,,72,72,-0.937,3.239,-1.682,1.903,3.46,2.523,305.7,0.786,0.611,0.778,54.907,37.678
,,,,"Rahm, Jon",,T5,2,,,72,72,-0.632,1.179,-1.615,1.398,0.962,0.33,310.2,0.714,0.611,0.714,39.233,30.948
,,,,"Rahm, Jon",,T5,3,,,72,72,0.269,-1.449,-0.646,2.252,0.157,0.426,310,0.857,0.778,0.5,39.597,32.141
,,,,"Rahm, Jon",,T5,4,,,72,66,1.638,0.568,3.155,1.269,4.992,6.63,314.8,0.643,0.833,1,40.175,20.108
,,,,"Rose, Justin",,7,1,,,72,65,4.885,-0.254,4.007,0.886,4.638,9.523,291.5,0.786,0.833,0.714,62.174,27.966
,,,,"Rose, Justin",,7,2,,,72,72,1.05,0.142,-0.566,-0.295,-0.72,0.33,297.4,0.643,0.833,0.4,37.016,47.571
,,,,"Rose, Justin",,7,3,,,72,72,2.593,0.274,-1.208,-1.232,-2.167,0.426,286.7,0.571,0.556,0.7,68.293,40.881
,,,,"Rose, Justin",,7,4,,,72,74,-2.481,0.87,0.336,-0.096,1.111,-1.37,286.2,0.643,0.722,0.333,53.053,30.34
,,,,"Conners, Corey",,T8,1,,,72,73,-0.088,-1.365,2.797,0.179,1.611,1.523,289.7,0.571,0.778,0.4,30.55,36.376
,,,,"Conners, Corey",,T8,2,,,72,69,-0.056,0.347,1.444,1.595,3.385,3.33,296.7,1,0.722,0.571,,32.089
,,,,"Conners, Corey",,T8,3,,,72,68,1.184,0.145,2.987,0.111,3.242,4.426,294.4,0.857,0.778,0.6,33.243,36.646
,,,,"Conners, Corey",,T8,4,,,72,74,-1.776,-1.257,2.002,-0.339,0.406,-1.37,292.8,0.714,0.778,0.2,46.647,30.46
,,,,"Reed, Patrick",,T8,1,,,72,70,2.793,-0.345,0.311,1.763,1.729,4.523,300.5,0.857,0.667,0.545,51.849,36.786
,,,,"Reed, Patrick",,T8,2,,,72,75,-1.11,-0.236,0.286,-1.61,-1.561,-2.67,292.9,0.643,0.667,0.5,60.491,39.767
,,,,"Reed, Patrick",,T8,3,,,72,70,2.084,-0.106,-0.203,0.651,0.342,2.426,296.5,0.714,0.556,0.636,42.09,38.744
,,,,"Reed, Patrick",,T8,4,,,72,69,2.951,1.201,1.175,-1.699,0.678,3.63,289.3,0.429,0.444,0.8,80.512,26.966
,,,,"Smith, Cameron",,T10,1,,,72,74,-1.913,1.492,-0.264,1.208,2.436,0.523,282.5,0.857,0.722,0.4,18.994,45.663
,,,,"Smith, Cameron",,T10,2,,,72,68,2.558,0.787,0.968,0.016,1.771,4.33,300.1,0.714,0.722,0.6,63.004,26.374
,,,,"Smith, Cameron",,T10,3,,,72,73,-2.819,0.938,1.414,-0.107,2.245,-0.574,302.7,0.5,0.722,0.625,48.594,28.814
,,,,"Smith, Cameron",,T10,4,,,72,70,1.488,0.429,0.49,0.222,1.141,2.63,302.1,0.643,0.667,0.818,18.929,42.191
,,,,"Finau, Tony",,T10,1,,,72,74,0.02,1.506,-0.281,-0.722,0.503,0.523,302.7,0.429,0.5,0.667,63.803,25.117
,,,,"Finau, Tony",,T10,2,,,72,66,0.39,2.573,1.873,1.493,5.94,6.33,309,0.714,0.556,0.636,56.984,25.886
,,,,"Finau, Tony",,T10,3,,,72,73,-1.843,1.394,0.06,-0.185,1.269,-0.574,303.5,0.786,0.722,0.714,,33.567
,,,,"Finau, Tony",,T10,4,,,72,72,0.696,0.905,1.999,-2.97,-0.066,0.63,305.7,0.286,0.556,0.667,37.459,33.461
,,,,"Harman, Brian",,T12,1,,,72,69,3.007,0.922,0.59,1.004,2.515,5.523,290.5,0.786,0.722,0.833,36.672,41.644
,,,,"Harman, Brian",,T12,2,,,72,69,2.159,-0.428,1,0.599,1.171,3.33,296.3,0.714,0.722,0.625,68.378,29.735
,,,,"Harman, Brian",,T12,3,,,72,74,-0.151,-1.605,0.267,-0.086,-1.423,-1.574,297.8,0.571,0.611,0.462,49.805,38.246
,,,,"Harman, Brian",,T12,4,,,72,74,-1.992,0.199,0.55,-0.128,0.621,-1.37,287.3,0.643,0.722,0.5,81.137,37.542
,,,,"MacIntyre, Robert",,T12,1,,,72,74,0.494,1.162,-1.779,0.646,0.029,0.523,299.4,0.714,0.611,0.6,33.428,55.039
,,,,"MacIntyre, Robert",,T12,2,,,72,70,1.784,0.045,0.222,0.278,0.546,2.33,297.9,0.571,0.667,0.5,33.372,42.191
,,,,"MacIntyre, Robert",,T12,3,,,72,70,0.107,2.031,-0.054,0.342,2.319,2.426,300.1,0.714,0.667,0.778,83.833,37.742
,,,,"MacIntyre, Robert",,T12,4,,,72,72,1.252,0.165,-0.78,-0.007,-0.622,0.63,295.3,0.714,0.667,0.5,52.746,49.088
,,,,"Simpson, Webb",,T12,1,,,72,70,0.392,1.208,2.551,0.371,4.13,4.523,285.2,0.714,0.778,0.8,42.411,39.223
,,,,"Simpson, Webb",,T12,2,,,72,76,-0.187,0.511,-0.766,-3.228,-3.483,-3.67,291,0.571,0.444,0.545,50.858,40.035
,,,,"Simpson, Webb",,T12,3,,,72,70,0.034,0.543,2.198,-0.349,2.392,2.426,282.5,0.786,0.833,0.75,36.917,37.547
,,,,"Simpson, Webb",,T12,4,,,72,70,4.499,-1.775,-0.158,0.063,-1.869,2.63,290.1,0.714,0.556,0.692,107.74,35.38
,,,,"Na, Kevin",,T12,1,,,72,75,0.499,-0.288,-0.731,0.043,-0.976,-0.477,284.2,0.786,0.611,0.727,78.71,34.58
,,,,"Na, Kevin",,T12,2,,,72,70,-0.047,0.17,1.418,0.789,2.377,2.33,293.8,0.857,0.778,0.5,55.925,36.931
,,,,"Na, Kevin",,T12,3,,,72,70,2.739,0.545,-0.377,-0.482,-0.314,2.426,290.3,0.571,0.667,0.7,42.518,41.111
,,,,"Na, Kevin",,T12,4,,,72,71,4.017,0.061,-2.629,0.181,-2.387,1.63,293.9,0.786,0.444,0.786,90.856,55.117
,,,,"Kim, Si Woo",,T12,1,,,72,71,-0.372,-1.947,5.201,0.641,3.895,3.523,291.5,0.714,0.722,0.5,31.216,37.151
,,,,"Kim, Si Woo",,T12,2,,,72,69,-0.922,0.148,3.012,1.092,4.252,3.33,295,0.929,0.778,0.625,61.277,26.216
,,,,"Kim, Si Woo",,T12,3,,,72,74,0.823,-0.061,1.049,-3.385,-2.397,-1.574,288.9,0.429,0.611,0.5,46.574,31.886
,,,,"Kim, Si Woo",,T12,4,,,72,72,1.093,0.019,-0.702,0.22,-0.463,0.63,290.6,0.786,0.556,0.615,77.572,41.622
,,,,"Cink, Stewart",,T12,1,,,72,74,1.169,0.817,0.001,-1.465,-0.646,0.523,306.3,0.5,0.611,0.571,32.539,38.796
,,,,"Cink, Stewart",,T12,2,,,72,69,1.309,0.96,1.967,-0.907,2.02,3.33,293.4,0.571,0.667,0.8,58.634,27.765
,,,,"Cink, Stewart",,T12,3,,,72,72,0.412,-0.515,0.104,0.424,0.014,0.426,309.7,0.5,0.778,0.556,47.44,54.282
,,,,"Cink, Stewart",,T12,4,,,72,71,0.302,-0.61,0.842,1.096,1.328,1.63,299.9,0.786,0.667,0.6,42.12,41.7
,,,,"Scheffler, Scottie",,T18,1,,,72,73,-0.659,-0.32,1.276,1.226,2.182,1.523,310.1,0.643,0.722,0.5,48.809,36.239
,,,,"Scheffler, Scottie",,T18,2,,,72,72,-1.091,0.42,1,0,1.42,0.33,303.8,0.714,0.833,0.6,34.794,34.223
,,,,"Scheffler, Scottie",,T18,3,,,72,71,-0.895,0.932,-0.226,1.615,2.321,1.426,307,0.714,0.667,0.7,79.315,40.576
,,,,"Scheffler, Scottie",,T18,4,,,72,71,0.326,0.237,1.368,-0.301,1.303,1.63,306.6,0.571,0.722,0.571,29.374,28.636
,,,,"Hatton, Tyrrell",,T18,1,,,72,71,-1.222,1.649,2.228,0.868,4.745,3.523,288.9,0.714,0.722,0.714,37.073,35.776
,,,,"Hatton, Tyrrell",,T18,2,,,72,74,-0.51,1.31,-1.208,-1.262,-1.16,-1.67,298.2,0.571,0.556,0.75,32.025,33.174
,,,,"Hatton, Tyrrell",,T18,3,,,72,74,0.27,-0.539,-1.507,0.202,-1.844,-1.574,290.9,0.643,0.444,0.455,54.198,41.531
,,,,"Hatton, Tyrrell",,T18,4,,,72,68,1.518,1.73,1.454,-0.073,3.112,4.63,296.8,0.714,0.667,0.778,29.367,45.525
,,,,"Morikawa, Collin",,T18,1,,,72,73,0.083,-0.366,1.009,0.797,1.44,1.523,291.4,0.857,0.667,0.4,45.115,34.977
,,,,"Morikawa, Collin",,T18,2,,,72,69,2.749,0.486,-1.002,1.097,0.581,3.33,293.9,0.857,0.722,0.667,60.128,45.374
,,,,"Morikawa, Collin",,T18,3,,,72,75,-3.489,-0.082,0.937,0.06,0.915,-2.574,295.6,0.714,0.722,0.333,21.968,35.94
,,,,"Morikawa, Collin",,T18,4,,,72,70,0.083,0.552,1.504,0.49,2.546,2.63,294,0.786,0.833,0.429,66.238,34.154
,,,,"English, Harris",,T21,1,,,72,74,1.598,-0.365,0.241,-0.952,-1.076,0.523,287.9,0.714,0.611,0.556,87.754,48.228
,,,,"English, Harris",,T21,2,,,72,71,1.991,0.967,-1.04,-0.589,-0.662,1.33,307.8,0.714,0.556,0.727,31.514,39.207
,,,,"English, Harris",,T21,3,,,72,73,-2.096,-1.055,1.204,1.374,1.522,-0.574,297.1,0.857,0.833,0.333,67.941,33.893
,,,,"English, Harris",,T21,4,,,72,70,1.54,0.6,-0.267,0.757,1.09,2.63,294.7,0.786,0.722,0.75,31.112,40.133
,,,,"Lowry, Shane",,T21,1,,,72,71,1.416,0.007,3.932,-1.832,2.107,3.523,295.8,0.643,0.667,0.571,38.844,26.41
,,,,"Lowry, Shane",,T21,2,,,72,73,-2.038,0.599,1.033,-0.265,1.367,-0.67,302.6,0.571,0.722,0.6,31.522,29.444
,,,,"Lowry, Shane",,T21,3,,,72,72,0.078,-1.169,1.457,0.059,0.348,0.426,302.9,0.5,0.778,0.5,59.922,37.757
,,,,"Lowry, Shane",,T21,4,,,72,72,0.968,-0.334,-0.476,0.472,-0.338,0.63,303.1,0.786,0.667,0.75,96.381,29.331
,,,,"Thomas, Justin",,T21,1,,,72,73,-0.473,1.302,2.115,-1.421,1.996,1.523,299.1,0.5,0.667,0.5,57.133,37.807
,,,,"Thomas, Justin",,T21,2,,,72,67,1.201,1.606,1.793,0.729,4.128,5.33,309.1,0.571,0.889,1,33.495,33.775
,,,,"Thomas, Justin",,T21,3,,,72,75,-2.349,1.04,-2.424,1.159,-0.225,-2.574,312.3,0.643,0.667,0.6,69.386,45.02
,,,,"Thomas, Justin",,T21,4,,,72,73,0.594,0.945,-0.592,-1.317,-0.965,-0.37,310.2,0.5,0.444,0.667,54.068,34.313
,,,,"Hovland, Viktor",,T21,1,,,72,73,1.149,1.298,-1.545,0.62,0.374,1.523,297.7,0.786,0.556,0.714,75.728,49.348
,,,,"Hovland, Viktor",,T21,2,,,72,70,-0.782,0.397,1.452,1.262,3.111,2.33,300.1,0.786,0.667,0.583,52.665,32.99
,,,,"Hovland, Viktor",,T21,3,,,72,72,1.444,-1.339,-1.175,1.496,-1.018,0.426,308,0.643,0.556,0.462,60.463,49.767
,,,,"Hovland, Viktor",,T21,4,,,72,73,-0.941,0.704,-1.888,1.754,0.57,-0.37,305.8,0.857,0.611,0.375,44.886,43.005
,,,,"Mickelson, Phil",,T21,1,,,72,75,-2.155,0.61,1.359,-0.291,1.678,-0.477,289.4,0.643,0.667,0.667,40.788,30.996
,,,,"Mickelson, Phil",,T21,2,,,72,72,-0.142,-1.91,1.12,1.262,0.472,0.33,303.8,0.786,0.778,0.444,81.508,31.942
,,,,"Mickelson, Phil",,T21,3,,,72,69,1.105,2.504,-0.835,0.652,2.321,3.426,300.9,0.643,0.611,0.778,68.202,33.136
,,,,"Mickelson, Phil",,T21,4,,,72,72,-2.206,1.557,1.184,0.095,2.836,0.63,295.7,0.643,0.722,0.5,53.994,30.45
,,,,"Poulter, Ian",,T26,1,,,72,74,-0.434,-0.412,1.512,-0.143,0.957,0.523,278.7,0.714,0.444,0.417,69.881,33.448
,,,,"Poulter, Ian",,T26,2,,,72,73,2.923,-0.431,-3.476,0.314,-3.594,-0.67,281.9,0.929,0.5,0.909,20.637,50.545
,,,,"Poulter, Ian",,T26,3,,,72,72,0.959,2.338,-0.469,-2.402,-0.533,0.426,273.9,0.429,0.5,0.778,59.416,23.747
,,,,"Poulter, Ian",,T26,4,,,72,70,2.904,-0.338,0.004,0.059,-0.274,2.63,275.2,0.929,0.611,0.667,17.25,40.465
,,,,"Schwartzel, Charl",,T26,1,,,72,74,-1.159,-0.006,1.041,0.648,1.682,0.523,290.6,0.857,0.722,0.5,59.157,34.511
,,,,"Schwartzel, Charl",,T26,2,,,72,71,1.46,-1.915,0.142,1.642,-0.131,1.33,298,0.929,0.778,0.455,41.736,39.396
,,,,"Schwartzel, Charl",,T26,3,,,72,72,-0.39,-0.178,1.301,-0.307,0.816,0.426,301.2,0.643,0.722,0.714,81.978,31.426
,,,,"Schwartzel, Charl",,T26,4,,,72,72,0.724,-1.26,0.484,0.682,-0.094,0.63,293.2,0.786,0.722,0.625,38.155,45.7
,,,,"Oosthuizen, Louis",,T26,1,,,72,76,0.771,-1.627,-0.833,0.212,-2.249,-1.477,288.9,0.786,0.667,0.286,32.014,34.698
,,,,"Oosthuizen, Louis",,T26,2,,,72,70,1.346,0.973,-0.177,0.187,0.983,2.33,287.1,0.786,0.778,0.8,45.03,33.591
,,,,"Oosthuizen, Louis",,T26,3,,,72,72,0.017,-0.052,1.249,-0.788,0.409,0.426,280.4,0.786,0.667,0.625,78.485,41.122
,,,,"Oosthuizen, Louis",,T26,4,,,72,71,-0.319,1.03,1.232,-0.313,1.949,1.63,285.5,0.643,0.611,0.714,96.088,28.315
,,,,"Champ, Cameron",,T26,1,,,72,72,-0.205,1.363,0.027,1.338,2.728,2.523,319.8,0.786,0.667,0.889,65.792,35.206
,,,,"Champ, Cameron",,T26,2,,,72,68,1.319,0.17,1.111,1.729,3.01,4.33,325.3,0.714,0.722,0.429,40.407,29.448
,,,,"Champ, Cameron",,T26,3,,,72,77,-3.529,-0.206,-1.721,0.882,-1.045,-4.574,314.4,0.571,0.667,0.333,44.19,35.361
,,,,"Champ, Cameron",,T26,4,,,72,72,0.403,-1.689,0.098,1.817,0.226,0.63,315.6,0.786,0.556,0.462,26.02,48.145
,,,,"Casey, Paul",,T26,1,,,72,73,-1.079,2.412,1.611,-1.422,2.602,1.523,290.7,0.429,0.611,0.714,46.609,29.77
,,,,"Casey, Paul",,T26,2,,,72,74,-1.706,-0.927,1.128,-0.166,0.035,-1.67,304.1,0.571,0.722,0.333,34.691,28.005
,,,,"Casey, Paul",,T26,3,,,72,73,-1.52,0.444,1.032,-0.531,0.946,-0.574,305,0.643,0.667,0.5,65.86,30.098
,,,,"Casey, Paul",,T26,4,,,72,69,2.018,0.447,0.485,0.68,1.611,3.63,297.5,0.714,0.611,0.667,46.203,37.725
,,,,"Ancer, Abraham",,T26,1,,,72,75,1.045,-3.184,0.79,0.871,-1.522,-0.477,283.9,0.857,0.611,0.375,6.515,35.965
,,,,"Ancer, Abraham",,T26,2,,,72,69,0.518,-0.095,2.281,0.625,2.811,3.33,297.7,0.857,0.778,0.571,53.876,33.883
,,,,"Ancer, Abraham",,T26,3,,,72,75,0.153,-0.401,-1.998,-0.328,-2.728,-2.574,285,0.714,0.444,0.643,31.956,32.779
,,,,"Ancer, Abraham",,T26,4,,,72,70,-0.274,0.071,2.348,0.485,2.903,2.63,288.5,0.857,0.778,0.5,45.594,31.411
,,,,"Jones, Matt",,T26,1,,,72,74,1.716,-0.206,-0.061,-0.926,-1.193,0.523,304.1,0.5,0.5,0.636,55.325,35.607
,,,,"Jones, Matt",,T26,2,,,72,69,-1.129,1.499,2.202,0.757,4.458,3.33,300.4,0.714,0.889,0.333,22.336,39.552
,,,,"Jones, Matt",,T26,3,,,72,74,1.087,-0.567,-2.717,0.622,-2.662,-1.574,307.5,0.643,0.5,0.692,47.163,51.716
,,,,"Jones, Matt",,T26,4,,,72,72,-0.474,-1.162,2.411,-0.145,1.104,0.63,304.2,0.643,0.722,0.429,43.586,40.114
,,,,"Watson, Bubba",,T26,1,,,72,74,-1.865,0.336,0.013,2.038,2.387,0.523,299.8,0.857,0.778,0.571,51.3,38.454
,,,,"Watson, Bubba",,T26,2,,,72,70,0.591,0.322,0.258,1.158,1.738,2.33,302.1,0.786,0.778,0.667,73.43,31.397
,,,,"Watson, Bubba",,T26,3,,,72,73,-0.543,-0.644,0.014,0.599,-0.031,-0.574,305.6,0.5,0.667,0.545,45.172,44.523
,,,,"Watson, Bubba",,T26,4,,,72,72,0.083,-1.761,2.316,-0.007,0.547,0.63,302.1,0.643,0.667,0.4,49.348,33.027
,,,,"Palmer, Ryan",,T34,1,,,72,74,-1.037,-0.537,2.555,-0.458,1.56,0.523,303.1,0.571,0.611,0.25,106.442,22.714
,,,,"Palmer, Ryan",,T34,2,,,72,68,1.76,0.587,1.513,0.469,2.569,4.33,305.9,0.714,0.722,0.833,50.879,35.695
,,,,"Palmer, Ryan",,T34,3,,,72,73,1.203,-1.713,1.237,-1.301,-1.777,-0.574,305.9,0.5,0.556,0.545,103.958,31.136
,,,,"Palmer, Ryan",,T34,4,,,72,75,-0.038,-1.782,-1.738,1.187,-2.332,-2.37,306.5,0.714,0.778,0.286,23.033,37.874
,,,,"Fitzpatrick, Matthew",,T34,1,,,72,74,2.324,-1.283,-0.995,0.476,-1.802,0.523,292.8,0.857,0.444,0.385,78.303,45.511
,,,,"Fitzpatrick, Matthew",,T34,2,,,72,70,0.251,-0.477,1.338,1.218,2.079,2.33,298,0.857,0.778,0.778,,35.601
,,,,"Fitzpatrick, Matthew",,T34,3,,,72,73,-1.731,-0.055,-0.458,1.669,1.157,-0.574,295.3,0.929,0.778,0.3,50.377,48.321
,,,,"Fitzpatrick, Matthew",,T34,4,,,72,73,-2.38,0.363,0.549,1.097,2.01,-0.37,302.2,0.857,0.833,0.429,21.045,41.781
,,,,"Wallace, Matt",,T34,1,,,72,74,-0.201,0.664,-0.088,0.148,0.724,0.523,289.1,0.714,0.667,0.444,78.598,38.292
,,,,"Wallace, Matt",,T34,2,,,72,72,1.918,0.301,-2.1,0.21,-1.588,0.33,288.3,0.714,0.611,0.583,41.402,35.677
,,,,"Wallace, Matt",,T34,3,,,72,71,-0.988,1.368,2.073,-1.027,2.414,1.426,284.5,0.714,0.667,0.6,58.308,31.398
,,,,"Wallace, Matt",,T34,4,,,72,73,-2.669,0.957,2.023,-0.681,2.299,-0.37,285.4,0.714,0.833,0.25,48.314,36.375
,,,,"Thompson, Michael",,T34,1,,,72,72,0.169,2.217,-0.394,0.531,2.353,2.523,282.3,0.714,0.556,0.7,42.976,50.131
,,,,"Thompson, Michael",,T34,2,,,72,72,-1.351,0.852,-0.116,0.944,1.68,0.33,293.4,0.857,0.611,0.667,54.667,37.641
,,,,"Thompson, Michael",,T34,3,,,72,75,-1.234,-1.68,-0.544,0.884,-1.34,-2.574,293.6,0.643,0.722,0.273,67.871,51.044
,,,,"Thompson, Michael",,T34,4,,,72,71,2.062,-1.087,0.054,0.601,-0.432,1.63,290.5,0.786,0.667,0.625,27.053,35.34
,,,,"Stenson, Henrik",,T38,1,,,72,73,2.461,1.89,-3.814,0.986,-0.938,1.523,277.1,0.929,0.389,0.786,41.567,50.982
,,,,"Stenson, Henrik",,T38,2,,,72,71,-0.036,-0.094,1.341,0.119,1.365,1.33,274.5,0.929,0.722,0.5,77.563,38.237
,,,,"Stenson, Henrik",,T38,3,,,72,71,3.876,-0.77,-1.05,-0.63,-2.45,1.426,271.2,0.786,0.667,0.75,62.045,48.819
,,,,"Stenson, Henrik",,T38,4,,,72,76,-2.721,-1.129,0.825,-0.345,-0.65,-3.37,278.6,0.786,0.722,0.4,62.114,33.116
,,,,"Laird, Martin",,T38,1,,,72,74,0.947,-0.055,0.141,-0.51,-0.425,0.523,291.8,0.5,0.444,0.545,73.247,32.347
,,,,"Laird, Martin",,T38,2,,,72,71,0.399,0.254,1.303,-0.626,0.931,1.33,287.8,0.714,0.944,0.667,51.428,35.336
,,,,"Laird, Martin",,T38,3,,,72,72,-1.251,-0.325,2.561,-0.558,1.677,0.426,292.9,0.571,0.667,0.7,43.465,34.345
,,,,"Laird, Martin",,T38,4,,,72,74,-3.469,-0.912,3.595,-0.584,2.099,-1.37,284.9,0.786,0.722,0.5,43.156,28.525
,,,,"Woodland, Gary",,T40,1,,,72,73,1.507,-0.499,0.168,0.347,0.016,1.523,302,0.643,0.722,0.636,49.89,48.584
,,,,"Woodland, Gary",,T40,2,,,72,72,-0.19,-0.25,1.357,-0.588,0.519,0.33,308.4,0.643,0.722,0.375,43.291,28.867
,,,,"Woodland, Gary",,T40,3,,,72,75,0.263,-1.548,-1.491,0.202,-2.837,-2.574,308.2,0.5,0.5,0.583,52.365,40.605
,,,,"Woodland, Gary",,T40,4,,,72,72,3.368,-0.856,-1.875,-0.008,-2.739,0.63,305.3,0.571,0.611,0.667,55.893,37.895
,,,,"Bezuidenhout, Christiaan",,T40,1,,,72,70,2.407,0.642,0.486,0.988,2.116,4.523,280.6,0.929,0.722,0.875,,41.688
,,,,"Bezuidenhout, Christiaan",,T40,2,,,72,76,1.043,-1.04,-2.892,-0.782,-4.714,-3.67,279.7,0.571,0.556,0.667,40.753,35.962
,,,,"Bezuidenhout, Christiaan",,T40,3,,,72,74,0.032,0.015,-0.097,-1.524,-1.606,-1.574,279.5,0.5,0.5,0.636,65.211,30.261
,,,,"Bezuidenhout, Christiaan",,T40,4,,,72,72,0.195,1.055,-1.117,0.496,0.434,0.63,288.9,0.857,0.611,0.778,,45.81
,,,,"Wiesberger, Bernd",,T40,1,,,72,74,-1.921,2.195,0.808,-0.559,2.444,0.523,288.5,0.714,0.611,0.667,60.706,32.443
,,,,"Wiesberger, Bernd",,T40,2,,,72,66,3.471,-0.132,1.883,1.107,2.859,6.33,299.4,0.857,0.833,0.857,,22.028
,,,,"Wiesberger, Bernd",,T40,3,,,72,74,0.714,0.103,-1.491,-0.901,-2.288,-1.574,302,0.571,0.611,0.636,70.809,43.506
,,,,"Wiesberger, Bernd",,T40,4,,,72,78,-4.736,1.224,-3.129,1.27,-0.635,-5.37,292,0.929,0.667,0.4,44.435,56.172
,,,,"Munoz, Sebastian",,T40,1,,,72,74,-1.145,0.331,0.759,0.577,1.668,0.523,296,0.643,0.722,0.5,57.059,51.669
,,,,"Munoz, Sebastian",,T40,2,,,72,73,-0.709,-1.243,0.446,0.836,0.038,-0.67,296.3,0.786,0.667,0.4,92.272,36.816
,,,,"Munoz, Sebastian",,T40,3,,,72,71,0.063,1.92,-0.705,0.147,1.363,1.426,291.1,0.643,0.778,1,44.203,40.83
,,,,"Munoz, Sebastian",,T40,4,,,72,74,0.976,-1.162,0.798,-1.983,-2.346,-1.37,289,0.571,0.611,0.444,56.964,40.525
,,,,"Hughes, Mackenzie",,T40,1,,,72,72,-0.474,1.47,0.66,0.866,2.996,2.523,291.2,0.786,0.722,0.571,33.791,48.535
,,,,"Hughes, Mackenzie",,T40,2,,,72,72,-0.36,0.62,0.268,-0.199,0.689,0.33,286.7,0.714,0.667,0.429,49.961,39.547
,,,,"Hughes, Mackenzie",,T40,3,,,72,72,1.128,-0.303,-0.801,0.402,-0.702,0.426,293.7,0.643,0.556,0.556,61.005,40.812
,,,,"Hughes, Mackenzie",,T40,4,,,72,76,-1.293,0.817,-2.048,-0.846,-2.078,-3.37,291.9,0.571,0.444,0.5,86.717,37.515
,,,,"Niemann, Joaquin",,T40,1,,,72,75,1.439,0.825,-1.664,-1.078,-1.917,-0.477,309.5,0.5,0.611,0.625,55.702,34.252
,,,,"Niemann, Joaquin",,T40,2,,,72,71,-0.763,0.447,0.948,0.697,2.093,1.33,315.5,0.643,0.778,0.625,46.244,42.614
,,,,"Niemann, Joaquin",,T40,3,,,72,70,1.189,-0.111,0.663,0.684,1.237,2.426,312.6,0.714,0.778,0.833,31.971,35.305
,,,,"Niemann, Joaquin",,T40,4,,,72,76,0.477,-2.812,0.095,-1.131,-3.847,-3.37,310.5,0.5,0.611,0.273,82.241,36.504
,,,,"DeChambeau, Bryson",,T46,1,,,72,76,0.796,-0.827,-2.077,0.631,-2.274,-1.477,322,0.5,0.556,0.5,91.334,30.87
,,,,"DeChambeau, Bryson",,T46,2,,,72,67,2.024,-0.965,2.862,1.407,3.305,5.33,322.7,0.571,0.833,0.429,41.3,23.98
,,,,"DeChambeau, Bryson",,T46,3,,,72,75,-0.528,-1.487,-0.995,0.436,-2.046,-2.574,316.8,0.429,0.556,0.6,50.851,33.9
,,,,"DeChambeau, Bryson",,T46,4,,,72,75,-3.245,0.061,-0.428,1.242,0.875,-2.37,332.8,0.714,0.611,0.429,56.35,28.155
,,,,"Fleetwood, Tommy",,T46,1,,,72,74,-3.106,1.089,3.669,-1.129,3.629,0.523,289.8,0.643,0.778,0.6,27.636,28.33
,,,,"Fleetwood, Tommy",,T46,2,,,72,70,1.601,0.919,-0.457,0.267,0.728,2.33,293.6,0.643,0.778,0.4,43.976,30.534
,,,,"Fleetwood, Tommy",,T46,3,,,72,73,-0.287,-0.571,1.425,-1.141,-0.288,-0.574,297.1,0.5,0.722,0.5,89.159,29.668
,,,,"Fleetwood, Tommy",,T46,4,,,72,76,-0.381,-0.938,-2.675,0.624,-2.99,-3.37,297.2,0.786,0.667,0.444,46.487,39.689
,,,,"Todd, Brendon",,T46,1,,,72,73,2.449,-0.145,-1.186,0.405,-0.926,1.523,277.6,0.857,0.611,0.625,77.534,46.312
,,,,"Todd, Brendon",,T46,2,,,72,71,-0.763,-0.239,3.212,-0.88,2.093,1.33,279.8,0.786,0.667,0.636,65.792,31.076
,,,,"Todd, Brendon",,T46,3,,,72,76,-1.698,0.753,-2.166,-0.463,-1.876,-3.574,270.7,0.857,0.556,0.625,49.79,34.348
,,,,"Todd, Brendon",,T46,4,,,72,73,-0.441,0.608,2.08,-2.618,0.071,-0.37,271.9,0.857,0.611,0.286,,30.514
,,,,"Kokrak, Jason",,49,1,,,72,71,2.607,0.314,1.665,-1.063,0.915,3.523,285,0.571,0.667,0.833,53.664,28.055
,,,,"Kokrak, Jason",,49,2,,,72,76,0.194,-1.12,-2.045,-0.699,-3.864,-3.67,309.7,0.5,0.5,0.636,49.699,37.517
,,,,"Kokrak, Jason",,49,3,,,72,71,1.708,-1.544,0.804,0.458,-0.282,1.426,309.4,0.571,0.722,0.5,42.686,36.336
,,,,"Kokrak, Jason",,49,4,,,72,77,-0.717,-1.276,-1.746,-0.632,-3.653,-4.37,299.5,0.643,0.444,0.5,77.53,47.305
,,,,"Horschel, Billy",,T50,1,,,72,76,0.152,-3.337,0.886,0.821,-1.629,-1.477,287.4,0.786,0.667,0.538,47.996,38.455
,,,,"Horschel, Billy",,T50,2,,,72,71,-0.621,1.468,-0.98,1.463,1.951,1.33,300.3,0.857,0.611,0.667,40.842,41.897
,,,,"Horschel, Billy",,T50,3,,,72,73,0.929,-0.742,-0.991,0.229,-1.503,-0.574,295.4,0.714,0.556,0.538,31.968,39.896
,,,,"Horschel, Billy",,T50,4,,,72,76,2.235,1.076,-5.567,-1.115,-5.605,-3.37,287.4,0.714,0.611,0.778,52.858,41.328
,,,,"Olazabal, Jose Maria",,T50,1,,,72,75,-1.029,0.029,1.362,-0.84,0.551,-0.477,263,0.786,0.611,0.667,34.699,37.951
,,,,"Olazabal, Jose Maria",,T50,2,,,72,71,1.145,2.064,0.121,-2,0.185,1.33,261.6,0.786,0.444,0.833,22.034,30.325
,,,,"Olazabal, Jose Maria",,T50,3,,,72,75,1.462,1.142,-3.047,-2.131,-4.036,-2.574,257.2,0.714,0.389,0.818,56.275,41.955
,,,,"Olazabal, Jose Maria",,T50,4,,,72,75,3.344,-1.017,-2.878,-1.819,-5.714,-2.37,256,0.786,0.556,0.6,54.529,43.088
,,,,"Molinari, Francesco",,52,1,,,72,74,1.572,-0.648,-0.471,0.069,-1.05,0.523,291,0.571,0.556,0.615,43.031,41.682
,,,,"Molinari, Francesco",,52,2,,,72,73,0.504,-0.069,1.419,-2.525,-1.175,-0.67,296.6,0.5,0.667,0.6,38.322,32.213
,,,,"Molinari, Francesco",,52,3,,,72,69,-0.075,2.2,0.144,1.158,3.501,3.426,288.9,0.857,0.667,0.625,171.955,28.571
,,,,"Molinari, Francesco",,52,4,,,72,81,-4.367,-0.898,-2.675,-0.43,-4.003,-8.37,290.3,0.643,0.611,0.2,59.734,46.429
,,,,"Herman, Jim",,53,1,,,72,76,-2.363,-0.479,2.189,-0.824,0.886,-1.477,290.5,0.571,0.556,0.333,25.393,37.129
,,,,"Herman, Jim",,53,2,,,72,70,-0.791,0.958,1.355,0.807,3.12,2.33,296.7,0.786,0.889,0.5,22.376,36.911
,,,,"Herman, Jim",,53,3,,,72,76,0.161,-1.846,-2.357,0.468,-3.735,-3.574,300,0.643,0.444,0.6,47.699,55.542
,,,,"Herman, Jim",,53,4,,,72,76,-2.077,-0.599,-1.176,0.481,-1.294,-3.37,292.7,0.714,0.611,0,63.759,37.906
,,,,"Scott, Adam",,54,1,,,72,74,1.328,-0.182,-0.815,0.191,-0.806,0.523,296.7,0.643,0.556,0.4,57.009,52.451
,,,,"Scott, Adam",,54,2,,,72,73,0.194,-0.455,-1.376,0.967,-0.865,-0.67,305.6,0.714,0.833,0.667,11.26,42.913
,,,,"Scott, Adam",,54,3,,,72,79,-1.597,-2.624,-2.276,-0.077,-4.977,-6.574,309.7,0.571,0.611,0.333,56.615,30.591
,,,,"Scott, Adam",,54,4,,,72,73,0.328,1.291,-2.32,0.33,-0.699,-0.37,303.1,0.643,0.5,0.545,72.391,38.081
,,,,"Kuchar, Matt",,CUT,1,,,72,78,0.122,0.206,-1.173,-2.633,-3.599,-3.477,280.3,0.643,0.444,0.583,38.224,37.526
,,,,"Kuchar, Matt",,CUT,2,,,72,70,-0.288,3.659,-1.927,0.886,2.617,2.33,287.8,0.929,0.667,0.778,,40.918
,,,,"Berger, Daniel",,CUT,1,,,72,75,-1.764,-0.342,1.163,0.465,1.286,-0.477,296.5,0.571,0.611,0.444,50.54,34.195
,,,,"Berger, Daniel",,CUT,2,,,72,73,-0.89,-0.421,1.088,-0.448,0.22,-0.67,297.8,0.643,0.611,0.4,45.668,29.432
,,,,"Homa, Max",,CUT,1,,,72,74,-0.461,0.882,0.58,-0.478,0.983,0.523,292.8,0.643,0.611,0.7,67.056,37.81
,,,,"Homa, Max",,CUT,2,,,72,74,-0.263,-0.525,-1.598,0.716,-1.407,-1.67,302.7,0.786,0.5,0.615,32.998,42.677
,,,,"Garcia, Sergio",,CUT,1,,,72,76,-1.233,2.32,-0.794,-1.77,-0.244,-1.477,297.5,0.357,0.444,0.667,42.194,41.918
,,,,"Garcia, Sergio",,CUT,2,,,72,72,-0.573,-0.015,0.691,0.227,0.903,0.33,306.7,0.643,0.722,0.429,43.288,36.523
,,,,"Walker, Jimmy",,CUT,1,,,72,75,2.077,-1.017,-1.062,-0.475,-2.554,-0.477,298.4,0.643,0.556,0.444,45.61,36.363
,,,,"Walker, Jimmy",,CUT,2,,,72,73,1.066,-0.075,-0.252,-1.409,-1.736,-0.67,306,0.357,0.556,0.636,51.186,34.989
,,,,"Koepka, Brooks",,CUT,1,,,72,74,1.363,0.243,-1.864,0.782,-0.84,0.523,307.3,0.643,0.556,0.6,114.417,40.849
,,,,"Koepka, Brooks",,CUT,2,,,72,75,-3.104,-0.413,0.201,0.645,0.433,-2.67,305.1,0.571,0.667,0.182,57.332,33.067
,,,,"Johnson, Dustin",,CUT,1,,,72,74,-1.866,0.69,0.935,0.765,2.389,0.523,306.3,0.571,0.556,0.625,52.204,34.918
,,,,"Johnson, Dustin",,CUT,2,,,72,75,-1.586,0.417,-1.024,-0.478,-1.085,-2.67,310,0.643,0.611,0.625,53.848,35.225
,,,,"Willett, Danny",,CUT,1,,,72,76,0.325,1.164,-3.544,0.577,-1.803,-1.477,297.8,0.714,0.556,0.636,52.204,50.12
,,,,"Willett, Danny",,CUT,2,,,72,73,1.182,-0.138,-2.237,0.522,-1.853,-0.67,294.8,0.714,0.5,0.462,82.636,47.417
,,,,"Griffin, Lanto",,CUT,1,,,72,76,2.718,-2.46,-0.895,-0.841,-4.196,-1.477,306.1,0.357,0.444,0.625,72.142,44.478
,,,,"Griffin, Lanto",,CUT,2,,,72,73,-1.207,0.377,0.481,-0.321,0.537,-0.67,296.3,0.714,0.778,0.571,51.3,32.281
,,,,"Westwood, Lee",,CUT,1,,,72,78,-2.14,-2.23,0.89,0.002,-1.337,-3.477,287.1,0.5,0.5,0.308,77.352,27.726
,,,,"Westwood, Lee",,CUT,2,,,72,71,1.634,-0.13,-1.074,0.9,-0.304,1.33,298,0.786,0.667,0.667,64.705,44.142
,,,,"Kisner, Kevin",,CUT,1,,,72,72,1.014,1.576,-0.313,0.247,1.509,2.523,285,0.786,0.778,0.5,40.22,38.581
,,,,"Kisner, Kevin",,CUT,2,,,72,77,-3.786,-0.714,0.101,-0.271,-0.885,-4.67,296.4,0.643,0.667,0.375,36.213,32.656
,,,,"Weir, Mike",,CUT,1,,,72,78,-0.232,-2.315,0.475,-1.405,-3.245,-3.477,273.2,0.643,0.611,0.462,85.558,44.372
,,,,"Weir, Mike",,CUT,2,,,72,71,0.53,0.227,0.658,-0.086,0.799,1.33,281,0.714,0.667,0.571,39.928,32.48
,,,,"Streb, Robert",,CUT,1,,,72,75,1.251,0.292,-2.101,0.081,-1.728,-0.477,288.7,0.571,0.556,0.615,47.401,55.403
,,,,"Streb, Robert",,CUT,2,,,72,75,1.019,-2.103,-0.332,-1.255,-3.69,-2.67,289.2,0.786,0.611,0.417,113.191,37.998
,,,,"McIlroy, Rory",,CUT,1,,,72,76,-1.956,0.645,-1.612,1.446,0.479,-1.477,309.4,0.643,0.611,0.429,78.388,26.019
,,,,"McIlroy, Rory",,CUT,2,,,72,74,2.892,-1.419,-1.707,-1.436,-4.562,-1.67,304.3,0.5,0.5,0.667,37.783,38.732
,,,,"Frittelli, Dylan",,CUT,1,,,72,76,-2.406,0.27,1.28,-0.621,0.929,-1.477,309.4,0.429,0.611,0.444,44.943,34.899
,,,,"Frittelli, Dylan",,CUT,2,,,72,74,-1.436,0.239,-0.276,-0.197,-0.234,-1.67,309,0.643,0.444,0.636,42.698,41.145
,,,,"Pan, C.T.",,CUT,1,,,72,79,-3.572,-0.813,-0.163,0.071,-0.905,-4.477,293.3,0.643,0.722,0.333,47.676,30.091
,,,,"Pan, C.T.",,CUT,2,,,72,71,0.691,-0.394,0.473,0.559,0.638,1.33,293.9,0.786,0.833,0.286,51.672,34.648
,,,,"Perez, Victor",,CUT,1,,,72,78,-0.923,-3.064,0.001,0.51,-2.554,-3.477,289.6,0.714,0.722,0.364,60.338,32.876
,,,,"Perez, Victor",,CUT,2,,,72,73,0.471,-0.733,-0.527,0.119,-1.141,-0.67,298.3,0.857,0.667,0.5,,36.349
,,,,"Langer, Bernhard",,CUT,1,,,72,74,0.906,-1.013,1.934,-1.305,-0.383,0.523,262.9,0.786,0.556,0.556,44.255,39.88
,,,,"Langer, Bernhard",,CUT,2,,,72,77,-0.717,-1.81,-1.067,-1.077,-3.953,-4.67,262.4,0.786,0.556,0.5,86.964,29.524
,,,,"Johnson, Zach",,CUT,1,,,72,77,-0.231,-1.592,-0.014,-0.641,-2.246,-2.477,282.2,0.5,0.5,0.385,45.267,48.979
,,,,"Johnson, Zach",,CUT,2,,,72,74,-0.306,-1.075,-0.41,0.121,-1.364,-1.67,286.4,0.714,0.611,0.6,39.003,42.314
,,,,"Osborne, Charles",,CUT,1,,,72,76,0.209,0.379,-1.276,-0.789,-1.687,-1.477,296.1,0.5,0.556,0.545,65.907,40.138
,,,,"Osborne, Charles",,CUT,2,,,72,76,-2.275,-0.811,0.077,-0.662,-1.396,-3.67,304.6,0.429,0.722,0.286,42.507,43.42
,,,,"Cantlay, Patrick",,CUT,1,,,72,79,-2.182,0.235,-3.818,1.288,-2.295,-4.477,303.8,0.786,0.611,0.5,31.585,49.82
,,,,"Cantlay, Patrick",,CUT,2,,,72,73,-1.885,0.665,-0.278,0.827,1.214,-0.67,300.5,0.714,0.722,0.571,75.831,27.564
,,,,"Gay, Brian",,CUT,1,,,72,78,-0.394,-0.246,-0.677,-2.16,-3.083,-3.477,269.3,0.429,0.444,0.286,72.749,35.751
,,,,"Gay, Brian",,CUT,2,,,72,74,-0.226,1.276,-1.091,-1.629,-1.444,-1.67,287.3,0.714,0.556,0.5,69.284,48.849
,,,,"Woosnam, Ian",,CUT,1,,,72,76,0.622,-0.334,-1.529,-0.236,-2.099,-1.477,268.3,0.786,0.444,0.545,62.018,38.275
,,,,"Woosnam, Ian",,CUT,2,,,72,77,0.785,-0.839,-2.798,-1.818,-5.455,-4.67,269.5,0.857,0.5,0.667,55.093,36.757
,,,,"Day, Jason",,CUT,1,,,72,77,-2.401,1.813,-1.697,-0.191,-0.076,-2.477,284.2,0.714,0.5,0.5,,31.824
,,,,"Day, Jason",,CUT,2,,,72,76,0.022,0.427,-3.82,-0.3,-3.693,-3.67,303.2,0.786,0.389,0.625,79.271,46.02
,,,,"Ortiz, Carlos",,CUT,1,,,72,82,-2.539,-3.618,-2.38,1.059,-4.939,-7.477,306.4,0.786,0.5,0.167,72.114,38.907
,,,,"Ortiz, Carlos",,CUT,2,,,72,71,0.187,-1.002,0.672,1.473,1.143,1.33,309.8,0.786,0.722,0.625,60.297,20.628
,,,,"Long, Joe",,CUT,1,,,72,82,-1.883,-0.428,-2.74,-2.427,-5.595,-7.477,281.9,0.643,0.5,0.364,96.573,43.583
,,,,"Long, Joe",,CUT,2,,,72,72,-0.883,-0.551,0.569,1.194,1.213,0.33,293.4,0.929,0.778,0.286,103.2,38.925
,,,,"Lyle, Sandy",,CUT,1,,,72,81,-2.752,-2.141,-0.127,-1.457,-3.725,-6.477,257.9,0.643,0.5,0.364,59.649,37.274
,,,,"Lyle, Sandy",,CUT,2,,,72,75,-0.162,0.278,-1.284,-1.502,-2.509,-2.67,256.3,0.786,0.611,0.5,54.251,36.347
,,,,"Swafford, Hudson",,CUT,1,,,72,73,1.428,-0.675,0.14,0.63,0.095,1.523,295.3,0.786,0.667,0.556,30.368,43.083
,,,,"Swafford, Hudson",,CUT,2,,,72,83,-3.074,-2.689,-3.799,-1.108,-7.597,-10.67,296.8,0.429,0.389,0.167,56.431,44.943
,,,,"Im, Sungjae",,CUT,1,,,72,77,-0.003,-1.085,-3.039,1.65,-2.474,-2.477,295.1,0.857,0.556,0.692,52.019,52.968
,,,,"Im, Sungjae",,CUT,2,,,72,80,-3.266,-1.935,-1.723,-0.747,-4.405,-7.67,287.2,0.643,0.611,0.4,93.656,39.985
,,,,"Couples, Fred",,CUT,1,,,72,79,-0.171,-1.22,-2.849,-0.237,-4.307,-4.477,283.4,0.571,0.556,0.5,74.731,39.114
,,,,"Couples, Fred",,CUT,2,,,72,78,-1.942,-0.425,-2.373,-0.93,-3.728,-5.67,282.6,0.786,0.5,0.538,36.627,40.456
,,,,"Singh, Vijay",,CUT,1,,,72,79,0.387,-2.416,-1.876,-0.573,-4.864,-4.477,302.7,0.357,0.556,0.5,48.934,30.376
,,,,"Singh, Vijay",,CUT,2,,,72,80,-1.914,-2.611,-1.573,-1.573,-5.757,-7.67,292.1,0.571,0.5,0.286,41.15,51.929
,,,,"Strafaci, Tyler",,CUT,1,,,72,80,-1.348,-1.68,-2.227,-0.222,-4.129,-5.477,285.8,0.5,0.667,0.4,51.318,43.97
,,,,"Strafaci, Tyler",,CUT,2,,,72,81,-0.34,-1.584,-1.932,-4.814,-8.331,-8.67,296.8,0.357,0.333,0.5,46.922,42.721
,,,,"Mize, Larry",,CUT,1,,,72,84,-1.975,-1.576,-4.835,-1.091,-7.502,-9.477,256,0.929,0.278,0.308,61.59,42.11
,,,,"Mize, Larry",,CUT,2,,,72,79,-2.686,-1.195,-0.768,-2.022,-3.985,-6.67,257.5,0.714,0.444,0.417,25.39,34.978
,,,,"Wolff, Matthew",,DQ,1,,,72,76,,,,,,-1.477,,,,,,
,,,,"Wolff, Matthew",,DQ,2,,,72,79,,,,,,-6.67,,,,,,