Timestamp,gender,grade,ice_cream,exercise,landmark,farm_animal,cuisine,free_time,sport,social_media,grocery_store,languages,birth_season,fav_game,gaming_system,holiday,pets,dining_out_weekly,time_hobbies,daily_snacks,time_social_media,minutes_homework,weighted_gpa,time_morning_routine,num_states,time_sleep
5/14/2026 11:53:57,Female,Sophomore,Strawberry,yoga/stretching,A) Eiffel Tower,All of the above,Asian,"Creative hobbies (drawing, music, etc.)",Volleyball,TikTok,Sams Club / Walmart,None,Winter,Roblox,PC,Christmas,0,0,1,4,30,15,4,45,4,8
5/14/2026 11:54:03,Male,Sophomore,Cookies and Cream,sports,H) Christ the Redeemer,Goat,Asian,Sleeping / resting,Volleyball,Instagram,Other,Other,Summer,Roblox,PC,Christmas,3,1,2,4,90,45,4.1,15,8,8
5/14/2026 12:14:11,Male,Senior,Mint Chip,swim,F) Machu Picchu,Chicken,Mexican,Working out / sports practice,Basketball,Instagram,Sams Club / Walmart,Other,Summer,Minecraft,Other,Christmas,0,2,2,0,600,30,4.8,10,15,5
5/14/2026 12:14:26,Female,Senior,Cookies and Cream,other,A) Eiffel Tower,Other,Asian,"Creative hobbies (drawing, music, etc.)",Tennis,Instagram,Costco,Other,Winter,Other,Mobile,Christmas,3,3,4,5,360,120,4.4,30,10,7
5/14/2026 12:14:36,Female,Junior,Chocolate,yoga/stretching,J) Other,All of the above,Mexican,Sleeping / resting,Tennis,TikTok,Stater Bros.,Spanish,Autumn,Roblox,Playstation,Other,5,0,3,3,180,180,3.2,45,3,4
5/14/2026 12:14:38,Male,Senior,Cookies and Cream,sports,H) Christ the Redeemer,Horse,Mexican,Hanging out with friends,Soccer,Instagram,WinCo,Spanish,Spring,Roblox,Xbox,Easter,1,2,2,3,6,4,4,20,4,6
5/14/2026 12:14:38,Male,Senior,Cookies and Cream,sports,H) Christ the Redeemer,Horse,Asian,Playing video games,Soccer,Instagram,Costco,None,Summer,Other,PC,Thanksgiving,2,1,8,0,300,0,3.2,10,1,6
5/14/2026 12:14:52,Female,Freshman,Cookies and Cream,other,A) Eiffel Tower,Horse,Mexican,Playing video games,Soccer,TikTok,Sams Club / Walmart,None,Summer,Roblox,Switch,Christmas,2,4,2,3,180,120,3.6,60,6,8
5/14/2026 12:14:55,Female,Freshman,Cookies and Cream,sports,E) Grand Canyon,Horse,Asian,Working out / sports practice,Basketball,TikTok,Costco,None,Summer,Roblox,Switch,Christmas,0,1,3,4,253,240,4,115,2,6
5/14/2026 12:14:57,Male,Freshman,Mint Chip,sports,H) Christ the Redeemer,Chicken,Mexican,Working out / sports practice,Soccer,Instagram,Costco,Spanish,Autumn,Fortnite,Xbox,Christmas,3,3,6,2,45,65,3.2,30,14,8
5/14/2026 12:14:58,Female,Senior,Cookies and Cream,yoga/stretching,A) Eiffel Tower,Horse,Asian,Sleeping / resting,Basketball,Instagram,Sams Club / Walmart,Other,Spring,Other,Playstation,Halloween,1,1,1,3,400,10,3.6,10,1,4
5/14/2026 12:15:17,Male,Junior,Mint Chip,weight lifting,B) Pyramids of Giza,Goat,Mexican,Playing video games,Basketball,Instagram,WinCo,None,Spring,Other,PC,Christmas,2,4,10,2,180,0,2.3,30,2,6
5/14/2026 12:15:28,Male,Junior,cookie dough,weight lifting,A) Eiffel Tower,Goat,Asian,Watching TV or YouTube,Football,Instagram,Sams Club / Walmart,Spanish,Summer,Other,Mobile,Christmas,1,1,5,1,180,30,3.4,45,9,6
5/14/2026 12:15:46,Male,Freshman,Strawberry,other,F) Machu Picchu,Horse,Asian,Playing video games,Soccer,TikTok,Costco,None,Winter,Minecraft,Playstation,Halloween,2,0,2,1,30,45,2.7,10,2,7
5/14/2026 12:16:13,Female,Senior,Cookies and Cream,sports,D) Great Wall of China,Goat,European,Hanging out with friends,Volleyball,TikTok,Costco,None,Autumn,Roblox,Mobile,Christmas,1,1,3,4,110,200,4.2,10,14,5
5/14/2026 12:16:16,Male,Junior,Mint Chip,weight lifting,H) Christ the Redeemer,Horse,Indian,Doing homework or studying,Football,Instagram,Costco,Other,Summer,Other,PC,4th of July,1,1,3,4,60,2,4.2,20,17,7
5/14/2026 12:16:21,Male,Junior,cookie dough,sports,G) Stonehenge,Goat,Asian,Hanging out with friends,Basketball,TikTok,Stater Bros.,None,Winter,Roblox,Playstation,4th of July,2,1,6,5,1000,1001,3.6,5,9,8
5/14/2026 12:16:42,Male,Senior,cookie dough,sports,B) Pyramids of Giza,Horse,Mexican,Playing video games,Baseball,Instagram,Costco,None,Autumn,Minecraft,Xbox,Christmas,1,2,10,2,180,240,4.3,45,6,8
5/14/2026 12:17:09,Female,Junior,Cookies and Cream,swim,J) Other,Horse,Asian,Playing video games,Soccer,TikTok,Sams Club / Walmart,Spanish,Winter,Other,PC,Christmas,2,1,4,2,120,120,3.8,10,2,4
5/14/2026 12:17:10,Male,Senior,Cookies and Cream,other,H) Christ the Redeemer,Chicken,Asian,Playing video games,Baseball,Instagram,Costco,None,Spring,Minecraft,PC,Halloween,2,1,7,3,60,5,4.5,15,6,7
5/14/2026 12:17:13,Male,Sophomore,Chocolate,weight lifting,H) Christ the Redeemer,Chicken,Mexican,Watching TV or YouTube,Soccer,TikTok,Costco,Spanish,Summer,Other,Playstation,Christmas,1,3,4,2,120,0,4.5,25,2,7
5/14/2026 12:17:31,Female,Senior,Mint Chip,weight lifting,D) Great Wall of China,Horse,Asian,Working out / sports practice,Tennis,TikTok,Costco,Other,Spring,Minecraft,Switch,Halloween,0,1,2,1,20,60,3.2,60,11,6
5/14/2026 12:17:31,Non-Binary,Senior,cookie dough,swim,G) Stonehenge,Goat,Asian,Playing video games,Soccer,TikTok,Trader Joes,None,Winter,Roblox,PC,Halloween,3,2,62,7,300,0,3.2,5,7,7
5/14/2026 12:18:19,Male,Junior,other,sports,G) Stonehenge,Pig,Asian,Working out / sports practice,Football,Instagram,Costco,Other,Spring,Other,Xbox,Other,3,2,3,5,90,30,4.4,20,10,7
5/14/2026 12:19:01,Female,Sophomore,other,sports,F) Machu Picchu,All of the above,Asian,"Creative hobbies (drawing, music, etc.)",Basketball,Instagram,Trader Joes,Other,Summer,Tomodachi Life,Switch,Christmas,12,5,0,7,40,45,4.3,32,7,7
5/14/2026 12:19:15,Male,Freshman,Vanilla,swim,A) Eiffel Tower,Other,Mexican,Playing video games,Baseball,Youtube,Costco,Spanish,Summer,Other,Xbox,Christmas,5,3,3,8,135,250,1.6,60,2,6
5/14/2026 12:20:30,Female,Sophomore,Chocolate,swim,A) Eiffel Tower,Goat,Asian,Working out / sports practice,Volleyball,TikTok,Costco,None,Spring,Roblox,Mobile,Christmas,16,4,3,2,240,360,3.8,40,15,7
5/14/2026 12:20:37,Male,Senior,Cookies and Cream,sports,A) Eiffel Tower,All of the above,Asian,Playing video games,Soccer,Youtube,Trader Joes,None,Spring,Other,Xbox,Christmas,3,1,4,1,60,90,4,15,5,7
5/14/2026 12:20:52,Male,Junior,other,other,D) Great Wall of China,Horse,American,Playing video games,Soccer,Youtube,Stater Bros.,Other,Spring,Other,PC,Christmas,3,1,2,1,30,0,4.4,5,9,8
5/14/2026 12:20:55,Female,Junior,Cookies and Cream,sports,H) Christ the Redeemer,Horse,Mexican,Hanging out with friends,Volleyball,TikTok,Trader Joes,Spanish,Autumn,Roblox,Switch,Halloween,1,7,5,10,300,120,3.8,120,4,6
5/14/2026 12:20:58,Female,Senior,Strawberry,weight lifting,H) Christ the Redeemer,Chicken,Mexican,Hanging out with friends,Soccer,Instagram,Stater Bros.,Spanish,Summer,Minecraft,Xbox,Christmas,1,2,1,3,180,240,4,60,5,7
5/14/2026 12:20:59,Female,Sophomore,Chocolate,other,H) Christ the Redeemer,Horse,Indian,"Creative hobbies (drawing, music, etc.)",Football,TikTok,Costco,None,Winter,Roblox,Switch,Christmas,8,1,2,1,80,45,3.7,60,8,8
5/14/2026 12:22:33,Female,Junior,Cookies and Cream,sports,A) Eiffel Tower,Horse,American,Sleeping / resting,Tennis,TikTok,Stater Bros.,Other,Autumn,Tomodachi Life,Switch,Christmas,0,0,5,2,400,20,3.9,38,2,6
5/14/2026 12:22:38,Male,Senior,Vanilla,weight lifting,D) Great Wall of China,All of the above,Asian,Hanging out with friends,Basketball,TikTok,Trader Joes,Other,Winter,Roblox,PC,Christmas,0,2,3,2,120,60,3.8,50,8,6
5/14/2026 12:22:40,Male,Junior,Vanilla,sports,A) Eiffel Tower,Cow,Mexican,Working out / sports practice,Baseball,Youtube,Costco,None,Winter,None,Other,Christmas,3,2,12,2,0,120,3.3,30,5,8
5/14/2026 12:22:49,Female,Sophomore,Cookies and Cream,sports,G) Stonehenge,All of the above,Mexican,"Creative hobbies (drawing, music, etc.)",Soccer,Instagram,Stater Bros.,None,Autumn,None,Playstation,Halloween,4,2,1,2,58,45,4,32,10,8
5/14/2026 12:22:49,Female,Freshman,Chocolate,sports,A) Eiffel Tower,Chicken,Mexican,Hanging out with friends,Volleyball,TikTok,Sams Club / Walmart,Spanish,Winter,Roblox,Switch,Halloween,0,2,4,4,120,120,3,38,2,7
5/14/2026 12:23:15,Male,Senior,Vanilla,sports,D) Great Wall of China,All of the above,Asian,Hanging out with friends,Tennis,Instagram,Other,Other,Winter,None,Mobile,Christmas,10,4,3,3,4,2,4.7,20,10,7
5/14/2026 12:23:18,Female,Junior,cookie dough,swim,A) Eiffel Tower,Goat,Mexican,Hanging out with friends,Volleyball,Instagram,Stater Bros.,None,Winter,Roblox,PC,Halloween,1,6,2,3,500,40,3.8,15,5,9
5/14/2026 12:23:21,Female,Freshman,Mint Chip,swim,A) Eiffel Tower,Sheep,Mexican,Watching TV or YouTube,Volleyball,Instagram,Costco,Spanish,Autumn,Roblox,Mobile,Thanksgiving,1,3,3,2,120,180,3.1,35,2,7
5/14/2026 12:23:23,Male,Freshman,Chocolate,other,E) Grand Canyon,Other,Asian,Doing homework or studying,Soccer,Youtube,Costco,Other,Spring,Roblox,PC,Halloween,1,3,24,3,35,180,3.6,60,2,6
5/14/2026 12:23:36,Male,Freshman,Vanilla,weight lifting,D) Great Wall of China,Other,Asian,Playing video games,Basketball,Youtube,Stater Bros.,Other,Summer,Other,Playstation,Christmas,3,0,6,5,150,75,3.4,45,8,4
5/14/2026 12:23:38,Female,Freshman,Mint Chip,swim,J) Other,All of the above,Asian,"Creative hobbies (drawing, music, etc.)",Volleyball,TikTok,Other,Other,Winter,Tomodachi Life,Xbox,Christmas,3,2,9,4,147,231,3.8,30,7,5
5/14/2026 12:24:07,Male,Freshman,cookie dough,sports,G) Stonehenge,Chicken,Mexican,Playing video games,Basketball,Youtube,Sams Club / Walmart,None,Summer,Other,Playstation,Christmas,1,2,4,3,40,120,3.7,15,3,6
5/14/2026 12:24:25,Female,Freshman,Chocolate,swim,A) Eiffel Tower,Horse,Mexican,Watching TV or YouTube,Volleyball,Instagram,Sams Club / Walmart,None,Spring,None,Mobile,Christmas,1,0,5,5,60,240,1.8,30,5,8
5/14/2026 12:25:20,Female,Sophomore,cookie dough,sports,H) Christ the Redeemer,Goat,European,Sleeping / resting,Soccer,Instagram,Costco,None,Winter,Other,PC,Christmas,4,1,3,1,30,0,4.5,20,11,7
5/14/2026 12:25:25,Male,Junior,Cookies and Cream,sports,A) Eiffel Tower,Cow,Mexican,Working out / sports practice,Football,Youtube,Trader Joes,None,Winter,Other,Playstation,Christmas,14,1,1,2,15,20,4,25,7,8
5/14/2026 12:25:27,Prefer Not to Say,Junior,other,other,A) Eiffel Tower,Chicken,Mexican,Playing video games,Tennis,Instagram,Trader Joes,None,Summer,Tomodachi Life,PC,Christmas,3,2,1,4,120,60,2.5,20,5,6
5/14/2026 12:25:53,Male,Freshman,cookie dough,sports,A) Eiffel Tower,Chicken,Mexican,Hanging out with friends,Tennis,TikTok,Costco,None,Winter,Roblox,PC,Christmas,0,1,1,2,45,120,4.2,30,11,6
5/14/2026 12:26:41,Female,Sophomore,Cookies and Cream,sports,D) Great Wall of China,Horse,Other,Sleeping / resting,Volleyball,TikTok,Stater Bros.,None,Winter,Tomodachi Life,Switch,4th of July,8,4,2,3,60,120,3,15,8,7
5/14/2026 12:26:44,Male,Freshman,Chocolate,sports,J) Other,Horse,European,Playing video games,Football,Youtube,Costco,None,Spring,Other,Switch,Christmas,2,3,8,1,90,240,4,75,7,7
5/14/2026 12:26:45,Female,Freshman,Cookies and Cream,other,F) Machu Picchu,Goat,Indian,Playing video games,Tennis,Youtube,Costco,Other,Summer,Other,Mobile,Other,0,0,5,4,90,50,4.1,15,5,6
5/14/2026 12:27:03,Male,Freshman,Mint Chip,weight lifting,H) Christ the Redeemer,All of the above,Asian,Working out / sports practice,Football,Instagram,Stater Bros.,None,Winter,Roblox,PC,Christmas,1,3,4,2,184,100,3.6,5,7,4
5/14/2026 12:27:09,Male,Freshman,cookie dough,other,H) Christ the Redeemer,Cow,European,"Creative hobbies (drawing, music, etc.)",Baseball,Youtube,Stater Bros.,None,Winter,Other,PC,Christmas,2,6,6,2,60,45,3.6,15,3,7
5/14/2026 12:27:19,Male,Freshman,Cookies and Cream,sports,H) Christ the Redeemer,Chicken,Asian,Hanging out with friends,Basketball,TikTok,WinCo,None,Spring,Roblox,PC,Christmas,2,1,2,3,45,120,3.9,60,2,8
5/14/2026 12:27:27,Male,Freshman,Cookies and Cream,weight lifting,H) Christ the Redeemer,Horse,American,Playing video games,Football,TikTok,Costco,None,Winter,Other,Playstation,Christmas,1,2,5,3,50,20,3.5,20,3,7
5/14/2026 12:27:48,Male,Freshman,Mint Chip,other,F) Machu Picchu,All of the above,European,Working out / sports practice,Tennis,Instagram,Costco,Other,Spring,Other,PC,4th of July,5,1,7,5,60,45,3.8,30,37,7.5
5/14/2026 12:28:40,Male,Freshman,other,weight lifting,F) Machu Picchu,Horse,Mexican,Playing video games,Basketball,TikTok,Costco,None,Winter,Roblox,Xbox,Thanksgiving,2,0,2,1,180,300,1.7,30,5,6
5/14/2026 12:29:54,Male,Sophomore,Vanilla,other,E) Grand Canyon,Horse,Other,School Club Activities,Volleyball,Youtube,Costco,Other,Autumn,Other,PC,Christmas,1,1,20,2,20,0,4.4,90,8,8
5/14/2026 12:30:26,Male,Freshman,cookie dough,other,D) Great Wall of China,Chicken,Asian,Working out / sports practice,Soccer,Youtube,Costco,"Spanish, Other",Winter,Other,PC,Christmas,1,1,6,5,60,0,3,2.8,16,7.75
5/14/2026 12:30:52,Non-Binary,Freshman,Mint Chip,yoga/stretching,D) Great Wall of China,Horse,Asian,Hanging out with friends,Tennis,TikTok,Costco,None,Winter,Other,Switch,Other,3,3,4,7,240,120,3.3,20,3,7
5/14/2026 12:31:51,Male,Freshman,cookie dough,weight lifting,D) Great Wall of China,All of the above,Mexican,Working out / sports practice,Baseball,Instagram,Stater Bros.,"Spanish, French",Autumn,Other,Playstation,Christmas,3,0,5,1,60,100,3.1,40,11,6
5/14/2026 12:32:10,Female,Freshman,cookie dough,sports,A) Eiffel Tower,Horse,Mexican,Sleeping / resting,Soccer,TikTok,Costco,Spanish,Winter,Roblox,Playstation,Christmas,1,4,2,2,120,90,3.6,60,3,8
5/14/2026 12:32:41,Female,Senior,Chocolate,swim,A) Eiffel Tower,All of the above,Asian,"Creative hobbies (drawing, music, etc.)",Volleyball,Instagram,Trader Joes,None,Winter,None,Playstation,Halloween,17,1,3,5,3,3,3.67,20,3,7
5/14/2026 12:32:47,Male,Sophomore,Strawberry,weight lifting,A) Eiffel Tower,Goat,Mexican,Watching TV or YouTube,Football,Youtube,Costco,Spanish,Autumn,Roblox,PC,Halloween,1,1,4,3,120,5,4.2,20,3,8
5/14/2026 12:33:01,Female,Freshman,Cookies and Cream,sports,H) Christ the Redeemer,Cow,Asian,Hanging out with friends,Basketball,TikTok,WinCo,None,Autumn,None,Other,Halloween,0,1,1,2,120,240,3.8,10,23,8
5/14/2026 12:33:03,Female,Sophomore,Strawberry,swim,H) Christ the Redeemer,Cow,Asian,Working out / sports practice,Baseball,Instagram,Costco,"Spanish, Other",Winter,Roblox,Mobile,Halloween,1,2,3,2,120,50,4.4,40,3,7
5/14/2026 12:34:50,Female,Sophomore,Vanilla,sports,A) Eiffel Tower,Horse,Mexican,Sleeping / resting,Soccer,TikTok,Costco,Other,Autumn,Roblox,Mobile,Christmas,2,1,2,3,80,60,4.2,40,9,6
5/14/2026 12:34:58,Female,Junior,Chocolate,yoga/stretching,F) Machu Picchu,All of the above,Mexican,"Creative hobbies (drawing, music, etc.)",Tennis,Instagram,Costco,Spanish,Winter,None,Switch,Christmas,10,2,0,2,20,120,3.4,65,0,6
5/14/2026 12:35:17,Male,Senior,cookie dough,sports,G) Stonehenge,Goat,Asian,Working out / sports practice,Basketball,Instagram,Stater Bros.,None,Summer,Other,PC,Christmas,3,2,7,4,90,0,4.3,70,5,7
5/14/2026 12:37:45,Female,Freshman,Cookies and Cream,weight lifting,A) Eiffel Tower,Sheep,Asian,"Creative hobbies (drawing, music, etc.)",Soccer,Instagram,Sams Club / Walmart,Spanish,Autumn,Roblox,Playstation,Christmas,6,1,3,2,60,120,4,30,14,8
5/14/2026 12:41:41,Male,Freshman,Mint Chip,other,E) Grand Canyon,All of the above,Mexican,Playing video games,Basketball,Instagram,Stater Bros.,None,Summer,Other,Switch,Thanksgiving,16,17,2,3,200,20,3.8,22,1,5
5/14/2026 12:43:07,Male,Freshman,Vanilla,weight lifting,B) Pyramids of Giza,Chicken,Mexican,Playing video games,Basketball,Youtube,Costco,None,Winter,Roblox,PC,Christmas,2,0,12,2,120,30,4.2,30,4,7
5/14/2026 12:44:21,Male,Freshman,Cookies and Cream,sports,A) Eiffel Tower,Sheep,Mexican,Working out / sports practice,Basketball,Instagram,WinCo,None,Spring,Roblox,PC,Christmas,2,4,4,2,180,120,3.2,70,2,8
5/14/2026 12:49:01,Female,Freshman,Strawberry,other,A) Eiffel Tower,Other,Asian,Watching TV or YouTube,Volleyball,TikTok,Trader Joes,None,Summer,Roblox,Mobile,Christmas,0,1,2,3,60,120,4.1,20,4,7
5/14/2026 12:51:15,Female,Junior,other,swim,J) Other,Horse,Mexican,"Creative hobbies (drawing, music, etc.)",Soccer,Instagram,Trader Joes,None,Autumn,Other,Switch,Christmas,2,1,3,2,120,120,4.4,35,10,8
5/14/2026 13:04:46,Female,Senior,Cookies and Cream,weight lifting,H) Christ the Redeemer,Chicken,Mexican,"Creative hobbies (drawing, music, etc.)",Soccer,Instagram,Sams Club / Walmart,Spanish,Summer,Other,Playstation,Other,0,2,0,1,360,200,4.3,50,2,6
5/14/2026 13:30:28,Female,Freshman,Chocolate,sports,A) Eiffel Tower,Horse,Mexican,"Creative hobbies (drawing, music, etc.)",Volleyball,Instagram,Trader Joes,None,Winter,None,Switch,Christmas,2,1,4,1,50,130,4.1,20,7,7
5/14/2026 13:37:02,Male,Sophomore,Mint Chip,other,G) Stonehenge,Other,Asian,Playing video games,Soccer,Youtube,Sams Club / Walmart,Spanish,Autumn,Other,Playstation,Halloween,6,0,4,3,30,15,4.4,60,14,6.5
5/14/2026 13:39:14,Female,Senior,Mint Chip,weight lifting,F) Machu Picchu,Sheep,Mexican,Sleeping / resting,Soccer,TikTok,Other,Spanish,Spring,Roblox,Mobile,Halloween,0,1,3,5,4,2,4.2,30,7,6
5/14/2026 13:40:59,Female,Senior,Mint Chip,other,D) Great Wall of China,Horse,Asian,"Creative hobbies (drawing, music, etc.)",Tennis,Instagram,Stater Bros.,Other,Winter,Minecraft,Switch,Christmas,1,1,3,2,180,70,4.5,30,8,8
5/14/2026 13:42:33,Female,Junior,Chocolate,swim,A) Eiffel Tower,Cow,Asian,"Creative hobbies (drawing, music, etc.)",Tennis,Instagram,Other,"Spanish, Italian",Summer,Tomodachi Life,Mobile,Christmas,1,0,1,1,6,150,4.2,30,8,8
5/14/2026 13:46:37,Male,Sophomore,Chocolate,weight lifting,J) Other,Chicken,Mexican,Playing video games,Soccer,Youtube,Other,None,Summer,Other,Xbox,Christmas,2,1,0,1,64,184,4,40,3,8
5/14/2026 13:47:39,Male,Sophomore,Vanilla,weight lifting,B) Pyramids of Giza,Other,European,Watching TV or YouTube,Football,Youtube,Sprouts,None,Winter,Roblox,Mobile,Christmas,5,4,5,3,0,40,4.3,35,26,6
5/14/2026 13:49:32,Male,Sophomore,Strawberry,other,A) Eiffel Tower,Horse,American,Playing video games,Volleyball,Instagram,Stater Bros.,None,Summer,Minecraft,PC,Christmas,1,2,5,4,1,0,3.5,60,7,9
5/14/2026 13:51:31,Male,Sophomore,Mint Chip,other,D) Great Wall of China,Horse,Asian,Playing video games,Basketball,Instagram,Costco,None,Winter,Other,PC,Thanksgiving,4,2,9,9,120,45,3.3,1,10,6
5/14/2026 13:56:37,Male,Sophomore,cookie dough,sports,J) Other,Horse,Indian,Watching TV or YouTube,Soccer,TikTok,Costco,Other,Spring,Roblox,Mobile,Christmas,1,0,3,2,300,60,4,25,2,5
5/14/2026 14:01:07,Male,Sophomore,Vanilla,sports,J) Other,Horse,European,Working out / sports practice,Basketball,TikTok,Sprouts,None,Autumn,Other,Mobile,Christmas,1,1,90,3,60,15,4.25,60,15,8
5/14/2026 14:05:49,Male,Freshman,cookie dough,sports,A) Eiffel Tower,Horse,Mexican,Playing video games,Basketball,Instagram,WinCo,None,Summer,Other,PC,Christmas,1,2,3,2,120,180,3.8,30,3,7
5/14/2026 14:06:11,Male,Junior,Cookies and Cream,sports,F) Machu Picchu,Other,Mexican,Playing video games,Baseball,Youtube,Stater Bros.,Spanish,Winter,Other,Playstation,Other,3,2,2,3,0,0,3.4,38,4,5
5/14/2026 14:07:17,Female,Sophomore,Chocolate,other,A) Eiffel Tower,Pig,Asian,Playing video games,Basketball,Youtube,Costco,French,Winter,Roblox,Mobile,Christmas,3,1,3,4,120,240,3.8,30,8,5
5/14/2026 14:09:01,Male,Sophomore,Cookies and Cream,sports,A) Eiffel Tower,Goat,Mexican,Hanging out with friends,Soccer,Instagram,Sams Club / Walmart,Spanish,Autumn,Roblox,Playstation,Christmas,0,2,2,4,150,30,4.1,45,12,7
5/14/2026 14:09:18,Female,Sophomore,Strawberry,other,A) Eiffel Tower,Horse,Mexican,Working out / sports practice,Soccer,TikTok,WinCo,Spanish,Summer,Other,Playstation,Christmas,3,1,2,2,120,60,3.1,70,0,5
5/14/2026 14:10:29,Male,Sophomore,cookie dough,sports,B) Pyramids of Giza,Horse,Other,Working out / sports practice,Soccer,Instagram,Costco,Arabic,Spring,Other,PC,Christmas,2,2,4,2,4,50,4.2,40,4,8
5/14/2026 14:17:38,Female,Junior,Mint Chip,sports,H) Christ the Redeemer,Horse,Mexican,"Creative hobbies (drawing, music, etc.)",Volleyball,Instagram,Sams Club / Walmart,None,Summer,Minecraft,Playstation,Christmas,2,1,3,2,120,60,4.4,60,0,8
5/14/2026 14:18:00,Female,Junior,cookie dough,other,H) Christ the Redeemer,Sheep,Mexican,Sleeping / resting,Tennis,TikTok,Sprouts,Spanish,Autumn,Other,Xbox,Halloween,4,1,2,2,120,30,4,45,3,8
5/14/2026 14:19:47,Male,Freshman,Cookies and Cream,sports,H) Christ the Redeemer,Sheep,Mexican,Hanging out with friends,Tennis,Youtube,Trader Joes,Spanish,Autumn,None,PC,Christmas,7,0.5,2,2,180,90,3.4,25,2,5
5/14/2026 14:21:12,Female,Freshman,Mint Chip,sports,H) Christ the Redeemer,All of the above,Mexican,Working out / sports practice,Soccer,TikTok,Costco,Spanish,Winter,Roblox,Xbox,Christmas,1,3,2.5,2,240,300,3.4,30,3,7
5/14/2026 14:21:50,Female,Freshman,Vanilla,other,J) Other,Chicken,Asian,Watching TV or YouTube,Tennis,Instagram,Other,Other,Winter,None,Xbox,Other,0,0,0,1,30,3,4,30,1,8
5/14/2026 14:22:03,Male,Freshman,Cookies and Cream,sports,A) Eiffel Tower,All of the above,Mexican,Hanging out with friends,Basketball,Instagram,Stater Bros.,None,Spring,Other,PC,Christmas,1,2,2,1,60,30,3.4,15,7,6
5/14/2026 14:24:57,Male,Junior,cookie dough,weight lifting,A) Eiffel Tower,Chicken,Mexican,Playing video games,Basketball,Instagram,WinCo,None,Summer,Other,PC,Christmas,2,1,3,1,120,10,2.9,8,2,7
5/14/2026 14:39:08,Male,Senior,Vanilla,swim,E) Grand Canyon,Chicken,Other,Playing video games,Baseball,Youtube,Other,Arabic,Spring,Other,PC,Thanksgiving,0,1,2,3,120,120,4,20,2,7
5/14/2026 14:40:28,Female,Freshman,Mint Chip,other,D) Great Wall of China,Pig,Asian,Watching TV or YouTube,Tennis,Instagram,Costco,Other,Winter,Roblox,Mobile,Christmas,3,1,1,5,300,120,4.1,45,3,7
5/14/2026 14:46:19,Female,Freshman,Chocolate,yoga/stretching,H) Christ the Redeemer,All of the above,Other,Hanging out with friends,Soccer,Youtube,Costco,None,Spring,Minecraft,Mobile,Christmas,0,1,6,7,50,120,4.8,10,3,8
5/14/2026 14:51:41,Female,Senior,other,sports,A) Eiffel Tower,Chicken,Other,Watching TV or YouTube,Volleyball,TikTok,Other,Arabic,Spring,Roblox,Mobile,Christmas,3,1,2,3,600,240,4.5,25,3,5
5/14/2026 14:55:36,Male,Senior,cookie dough,weight lifting,E) Grand Canyon,Horse,American,Hanging out with friends,Baseball,Instagram,Costco,None,Summer,Other,PC,Christmas,2,2,4,3,300,30,4,30,28,6.5
5/14/2026 15:04:16,Female,Freshman,other,swim,J) Other,Sheep,Asian,"Creative hobbies (drawing, music, etc.)",Tennis,Instagram,Costco,None,Autumn,Other,Switch,Christmas,9,1,1,4,90,120,4.1,30,4,6
5/14/2026 15:17:38,Female,Junior,other,yoga/stretching,F) Machu Picchu,Horse,Mexican,"Creative hobbies (drawing, music, etc.)",Soccer,Instagram,Sprouts,None,Summer,None,Other,Halloween,4,2,1,4,80,15,4.2,30,10,7
5/14/2026 15:36:50,Female,Senior,Vanilla,swim,A) Eiffel Tower,Horse,Mexican,"Creative hobbies (drawing, music, etc.)",Volleyball,Instagram,Stater Bros.,None,Winter,None,Playstation,Christmas,6,3,5,4,300,120,4.5,20,12,6
5/14/2026 15:43:59,Male,Sophomore,cookie dough,sports,D) Great Wall of China,Chicken,Mexican,Working out / sports practice,Soccer,X/Twitter,Sprouts,Spanish,Autumn,Other,PC,Christmas,1,1,3,1,40,70,4.2,30,4,7
5/14/2026 15:54:17,Male,Freshman,cookie dough,weight lifting,A) Eiffel Tower,All of the above,Mexican,Hanging out with friends,Soccer,Instagram,Stater Bros.,Spanish,Summer,Other,Playstation,Other,10,1,0,2,67,401,1,20,3,5
5/14/2026 16:25:19,Female,Junior,Mint Chip,swim,A) Eiffel Tower,Horse,Mexican,Hanging out with friends,Football,Instagram,Trader Joes,None,Summer,None,Playstation,Easter,1,1,1,2,120,60,3.7,40,20,8
5/14/2026 16:53:36,Male,Sophomore,Mint Chip,sports,C) Mount Rushmore,Horse,European,Hanging out with friends,Basketball,Youtube,Stater Bros.,Arabic,Summer,Fortnite,Xbox,Thanksgiving,0,2,3,2,60,60,4.2,20,3,8
5/14/2026 16:58:09,Female,Junior,Cookies and Cream,swim,A) Eiffel Tower,Chicken,Mexican,"Creative hobbies (drawing, music, etc.)",Basketball,Youtube,Sams Club / Walmart,Other,Autumn,Fortnite,Switch,Halloween,3,1,2,3,60,270,3.8,10,15,8
5/14/2026 17:12:09,Male,Sophomore,Cookies and Cream,sports,B) Pyramids of Giza,Goat,Other,Working out / sports practice,Soccer,Instagram,Costco,Arabic,Autumn,Other,Xbox,Easter,0,0,2,4,120,140,4.2,15,6,8
5/14/2026 18:02:15,Male,Freshman,Mint Chip,sports,F) Machu Picchu,Horse,Mexican,Playing video games,Soccer,Youtube,Trader Joes,Spanish,Winter,Other,Switch,Thanksgiving,2,1,2,3,30,60,3.1,20,5,8
5/14/2026 18:24:05,Female,Senior,cookie dough,sports,J) Other,Horse,Indian,Playing video games,Soccer,Instagram,Stater Bros.,None,Spring,Fortnite,PC,Christmas,0,2,2,3,120,180,4.5,20,9,6
5/14/2026 18:36:04,Female,Junior,other,sports,J) Other,Goat,Other,Hanging out with friends,Soccer,Instagram,Stater Bros.,None,Autumn,Minecraft,Other,Halloween,0,4,1,3,150,0,4.7,15,12,8
5/14/2026 18:37:00,Male,Freshman,Cookies and Cream,weight lifting,D) Great Wall of China,Horse,Mexican,Hanging out with friends,Football,Instagram,Sams Club / Walmart,Spanish,Winter,Roblox,PC,Christmas,1,0,1,0,150,180,3.4,15,14,7.5
5/14/2026 19:31:03,Female,Sophomore,Cookies and Cream,swim,A) Eiffel Tower,Horse,American,Watching TV or YouTube,Volleyball,Youtube,Costco,None,Autumn,Roblox,Xbox,Christmas,1,3,2,3,120,60,4.3,30,8,7
5/14/2026 20:32:17,Male,Senior,Strawberry,other,D) Great Wall of China,Goat,Mexican,"Creative hobbies (drawing, music, etc.)",Soccer,Instagram,Sams Club / Walmart,Spanish,Autumn,Roblox,Playstation,Halloween,6,1,3,4,40,180,3.6,15,11,7
5/14/2026 20:40:56,Female,Junior,other,sports,F) Machu Picchu,Horse,Asian,"Creative hobbies (drawing, music, etc.)",Soccer,Instagram,Stater Bros.,None,Autumn,Tomodachi Life,Switch,Christmas,2,1,5,10,105,120,4.8,30,5,6
5/14/2026 21:17:43,Female,Sophomore,Strawberry,weight lifting,E) Grand Canyon,Pig,European,Working out / sports practice,Tennis,Instagram,Costco,None,Summer,None,Switch,4th of July,3,0,3,4,80,50,4.6,20,6,8
5/14/2026 21:32:03,Female,Sophomore,Cookies and Cream,sports,A) Eiffel Tower,Goat,Asian,Sleeping / resting,Soccer,TikTok,Sams Club / Walmart,None,Winter,Roblox,PC,Christmas,2,1,1,5,200,30,4,60,30,8
5/15/2026 7:28:10,Male,Sophomore,Cookies and Cream,swim,F) Machu Picchu,Chicken,Mexican,Watching TV or YouTube,Soccer,Instagram,Costco,None,Spring,Minecraft,Playstation,Christmas,1,3,3,2,210,90,4.4,30,3,7
5/15/2026 8:37:51,Male,Senior,cookie dough,sports,J) Other,Horse,Mexican,Hanging out with friends,Volleyball,Instagram,Stater Bros.,None,Spring,Roblox,PC,Thanksgiving,2,2,6,1,120,10,3.7,10,16,8
5/15/2026 8:38:55,Female,Junior,cookie dough,other,G) Stonehenge,Pig,Mexican,"Creative hobbies (drawing, music, etc.)",Football,Youtube,WinCo,None,Summer,None,Playstation,Christmas,5,1,2,2,120,20,4.5,30,2,8
5/15/2026 8:42:52,Male,Junior,Cookies and Cream,swim,D) Great Wall of China,Horse,European,Hanging out with friends,Volleyball,TikTok,WinCo,None,Autumn,Roblox,PC,Christmas,3,3,1,3,150,60,3.8,60,10,7
5/15/2026 8:44:06,Female,Senior,Chocolate,other,D) Great Wall of China,Goat,Asian,Playing video games,Tennis,Instagram,Costco,Other,Spring,Other,PC,Halloween,1,0,1,0,53,0,3.6,60,4,6
5/15/2026 8:45:30,Male,Sophomore,cookie dough,sports,F) Machu Picchu,Pig,European,Working out / sports practice,Soccer,Instagram,Costco,"Spanish, Other",Winter,Other,Mobile,Christmas,1,2,2,5,90,30,4.1,30,7,8
5/15/2026 8:48:26,Male,Junior,cookie dough,weight lifting,A) Eiffel Tower,Chicken,Mexican,Hanging out with friends,Soccer,Instagram,Stater Bros.,None,Summer,Roblox,PC,Other,6,2,6,2,180,60,3.6,7,4,7
5/15/2026 8:53:35,Male,Sophomore,cookie dough,sports,H) Christ the Redeemer,Horse,Mexican,Working out / sports practice,Football,Instagram,Costco,None,Summer,Fortnite,Xbox,Christmas,2,5,4,3,1,0,3.4,1,14,7
5/15/2026 8:53:43,Male,Sophomore,Vanilla,sports,J) Other,Horse,European,Working out / sports practice,Basketball,TikTok,Sprouts,None,Autumn,Other,Mobile,Christmas,1,0,2,4,60,10,4.3,60,15,8
5/15/2026 8:54:21,Female,Sophomore,Strawberry,swim,A) Eiffel Tower,Horse,Asian,Working out / sports practice,Tennis,Instagram,Trader Joes,Spanish,Winter,None,Other,Easter,8,0,3,0,30,40,4.1,60,4,8
5/15/2026 8:57:43,Female,Sophomore,other,other,A) Eiffel Tower,Chicken,Mexican,Hanging out with friends,Soccer,TikTok,Costco,Spanish,Autumn,None,Playstation,Christmas,2,2,1,1,6,15,3.6,60,7,7
5/15/2026 8:58:56,Male,Sophomore,Mint Chip,sports,C) Mount Rushmore,Cow,American,Playing video games,Volleyball,Youtube,Costco,None,Autumn,Roblox,PC,Halloween,1,0,5,1,60,0,4.2,9,4,8
5/15/2026 9:02:47,Female,Sophomore,Mint Chip,sports,B) Pyramids of Giza,Goat,Mexican,"Creative hobbies (drawing, music, etc.)",Baseball,Instagram,Stater Bros.,None,Spring,Roblox,Mobile,Thanksgiving,3,2,2,3,60,120,4.2,45,13,6
5/15/2026 9:06:52,Male,Sophomore,Mint Chip,sports,J) Other,Chicken,Mexican,Hanging out with friends,Soccer,TikTok,Costco,None,Summer,Other,PC,Christmas,2,1,1,4,60,30,3.4,60,7,7